insert into CUSTOMERS values(10001,'John', 'Doe');
insert into CUSTOMERS values(10002,'Tim', 'Paine');
insert into CUSTOMERS values(10003,'Charles', 'Darwin');


insert into ACCOUNTS values(20001,1250.53, 'Savings Account','SAVINGS',CURRENT_TIMESTAMP(),'AUD',10001);
insert into ACCOUNTS values(20002,500, 'Savings Account','SAVINGS',CURRENT_TIMESTAMP(),'USD',10001);
insert into ACCOUNTS values(20003,5000, 'Current Account','CURRENT',CURRENT_TIMESTAMP(),'SGD',10001);

insert into ACCOUNTS values(20004,5673.1343, 'Savings Account','SAVINGS',CURRENT_TIMESTAMP(),'AUD',10002);
insert into ACCOUNTS values(20005,10003.53, 'Current Account','CURRENT',CURRENT_TIMESTAMP(),'AUD',10002);
insert into ACCOUNTS values(20006,120.53, 'Current Account','CURRENT',CURRENT_TIMESTAMP(),'USD',10002);

insert into ACCOUNTS values(20007,10000, 'Savings Account','SAVINGS',CURRENT_TIMESTAMP(),'AUD',10003);
insert into ACCOUNTS values(20008,3000, 'Current Account','CURRENT',CURRENT_TIMESTAMP(),'SGD',10003);



insert into TRANSACTIONS values(3000001,50005,200,{ts '2018-09-17 18:47:52'},'SENDING MONEY','CREDIT',20002);
insert into TRANSACTIONS values(3000002,509831,300,{ts '2018-09-19 18:47:52'},'SENDING MONEY','CREDIT',20002);

insert into TRANSACTIONS values(3000003,102020,1250.53,{ts '2019-01-09 10:30:57'},'DEPOSIT MONEY','CREDIT',20001);

insert into TRANSACTIONS values(3000004,1234562,8000,{ts '2019-02-10 18:47:52'},'SENDING MONEY','CREDIT',20003);
insert into TRANSACTIONS values(3000005,1424562,3000,{ts '2019-02-19 18:47:52'},'BILL PAYMENT','DEBIT',20003);


insert into TRANSACTIONS values(3000006,509876,5973.1343,{ts '2018-09-18 18:47:52'},'SENDING MONEY','CREDIT',20004);
insert into TRANSACTIONS values(3000007,509831,300,{ts '2019-01-21 18:47:52'},'BILL PAYMENT','DEBIT',20004);

insert into TRANSACTIONS values(3000008,129831,10503.53,{ts '2018-09-18 18:47:52'},'SENDING MONEY','CREDIT',20005);
insert into TRANSACTIONS values(3000009,50469831,500,{ts '2019-01-20 18:47:52'},'BILL PAYMENT','DEBIT',20005);

insert into TRANSACTIONS values(3000010,123456,200.53,{ts '2018-09-28 18:47:52'},'SENDING MONEY','CREDIT',20006);
insert into TRANSACTIONS values(3000011,567890,80,{ts '2019-02-19 18:47:52'},'BILL PAYMENT','DEBIT',20006);


insert into TRANSACTIONS values(3000012,12341,12000,{ts '2018-09-14 18:47:52'},'SENDING MONEY','CREDIT',20007);
insert into TRANSACTIONS values(3000013,1245621,2000,{ts '2019-01-19 18:47:52'},'BILL PAYMENT','DEBIT',20007);

insert into TRANSACTIONS values(3000014,1290632,5000,{ts '2019-01-09 18:47:52'},'SENDING MONEY','CREDIT',20008);
insert into TRANSACTIONS values(3000015,1245663,2000,{ts '2019-01-21 18:47:52'},'BILL PAYMENT','DEBIT',20008);


